path,label,stadium
/Users/zsfleming/Downloads/566-Project-zfleming/data/clear/amfam_clear_024.jpg,clear,amfam
/Users/zsfleming/Downloads/566-Project-zfleming/data/clear/amfam_clear_025.jpg,clear,amfam
/Users/zsfleming/Downloads/566-Project-zfleming/data/clear/amfam_clear_026.jpg,clear,amfam
/Users/zsfleming/Downloads/566-Project-zfleming/data/clear/amfam_clear_027.jpg,clear,amfam
/Users/zsfleming/Downloads/566-Project-zfleming/data/clear/amfam_clear_028.jpg,clear,amfam
/Users/zsfleming/Downloads/566-Project-zfleming/data/clear/amfam_clear_029.jpg,clear,amfam
/Users/zsfleming/Downloads/566-Project-zfleming/data/clear/amfam_clear_030.jpg,clear,amfam
/Users/zsfleming/Downloads/566-Project-zfleming/data/clear/amfam_clear_031.jpg,clear,amfam
/Users/zsfleming/Downloads/566-Project-zfleming/data/clear/amfam_clear_032.jpg,clear,amfam
/Users/zsfleming/Downloads/566-Project-zfleming/data/clear/amfam_clear_033.jpg,clear,amfam
/Users/zsfleming/Downloads/566-Project-zfleming/data/clear/amfam_clear_034.jpg,clear,amfam
/Users/zsfleming/Downloads/566-Project-zfleming/data/clear/amfam_clear_035.jpg,clear,amfam
/Users/zsfleming/Downloads/566-Project-zfleming/data/clear/amfam_clear_036.jpg,clear,amfam
/Users/zsfleming/Downloads/566-Project-zfleming/data/clear/amfam_clear_037.jpg,clear,amfam
/Users/zsfleming/Downloads/566-Project-zfleming/data/clear/amfam_clear_038.jpg,clear,amfam
/Users/zsfleming/Downloads/566-Project-zfleming/data/clear/amfam_clear_039.jpg,clear,amfam
/Users/zsfleming/Downloads/566-Project-zfleming/data/clear/amfam_clear_040.jpg,clear,amfam
/Users/zsfleming/Downloads/566-Project-zfleming/data/clear/amfam_clear_041.jpg,clear,amfam
/Users/zsfleming/Downloads/566-Project-zfleming/data/clear/amfam_clear_042.jpg,clear,amfam
/Users/zsfleming/Downloads/566-Project-zfleming/data/clear/amfam_clear_043.jpg,clear,amfam
/Users/zsfleming/Downloads/566-Project-zfleming/data/clear/fenway_clear_001.jpg,clear,fenway
/Users/zsfleming/Downloads/566-Project-zfleming/data/clear/fenway_clear_002.jpg,clear,fenway
/Users/zsfleming/Downloads/566-Project-zfleming/data/clear/fenway_clear_003.jpg,clear,fenway
/Users/zsfleming/Downloads/566-Project-zfleming/data/clear/fenway_clear_004.jpg,clear,fenway
/Users/zsfleming/Downloads/566-Project-zfleming/data/clear/fenway_clear_005.jpg,clear,fenway
/Users/zsfleming/Downloads/566-Project-zfleming/data/clear/fenway_clear_006.jpg,clear,fenway
/Users/zsfleming/Downloads/566-Project-zfleming/data/clear/fenway_clear_007.jpg,clear,fenway
/Users/zsfleming/Downloads/566-Project-zfleming/data/clear/fenway_clear_008.jpg,clear,fenway
/Users/zsfleming/Downloads/566-Project-zfleming/data/clear/fenway_clear_009.jpg,clear,fenway
/Users/zsfleming/Downloads/566-Project-zfleming/data/clear/fenway_clear_010.jpg,clear,fenway
/Users/zsfleming/Downloads/566-Project-zfleming/data/clear/fenway_clear_011.jpg,clear,fenway
/Users/zsfleming/Downloads/566-Project-zfleming/data/clear/fenway_clear_012.jpg,clear,fenway
/Users/zsfleming/Downloads/566-Project-zfleming/data/clear/fenway_clear_013.jpg,clear,fenway
/Users/zsfleming/Downloads/566-Project-zfleming/data/clear/fenway_clear_014.jpg,clear,fenway
/Users/zsfleming/Downloads/566-Project-zfleming/data/clear/fenway_clear_015.jpg,clear,fenway
/Users/zsfleming/Downloads/566-Project-zfleming/data/clear/fenway_clear_016.jpg,clear,fenway
/Users/zsfleming/Downloads/566-Project-zfleming/data/clear/fenway_clear_017.jpg,clear,fenway
/Users/zsfleming/Downloads/566-Project-zfleming/data/clear/fenway_clear_018.jpg,clear,fenway
/Users/zsfleming/Downloads/566-Project-zfleming/data/clear/fenway_clear_019.jpg,clear,fenway
/Users/zsfleming/Downloads/566-Project-zfleming/data/clear/fenway_clear_020.jpg,clear,fenway
/Users/zsfleming/Downloads/566-Project-zfleming/data/clear/fenway_clear_021.jpg,clear,fenway
/Users/zsfleming/Downloads/566-Project-zfleming/data/clear/fenway_clear_022.jpg,clear,fenway
/Users/zsfleming/Downloads/566-Project-zfleming/data/clear/fenway_clear_023.jpg,clear,fenway
/Users/zsfleming/Downloads/566-Project-zfleming/data/clear/fenway_clear_024.jpg,clear,fenway
/Users/zsfleming/Downloads/566-Project-zfleming/data/clear/fenway_clear_025.jpg,clear,fenway
/Users/zsfleming/Downloads/566-Project-zfleming/data/clear/fenway_clear_026.jpg,clear,fenway
/Users/zsfleming/Downloads/566-Project-zfleming/data/clear/fenway_clear_027.jpg,clear,fenway
/Users/zsfleming/Downloads/566-Project-zfleming/data/clear/fenway_clear_028.jpg,clear,fenway
/Users/zsfleming/Downloads/566-Project-zfleming/data/clear/fenway_clear_029.jpg,clear,fenway
/Users/zsfleming/Downloads/566-Project-zfleming/data/clear/fenway_clear_030.jpg,clear,fenway
/Users/zsfleming/Downloads/566-Project-zfleming/data/clear/fenway_clear_031.jpg,clear,fenway
/Users/zsfleming/Downloads/566-Project-zfleming/data/clear/fenway_clear_032.jpg,clear,fenway
/Users/zsfleming/Downloads/566-Project-zfleming/data/clear/fenway_clear_033.jpg,clear,fenway
/Users/zsfleming/Downloads/566-Project-zfleming/data/clear/fenway_clear_034.jpg,clear,fenway
/Users/zsfleming/Downloads/566-Project-zfleming/data/clear/fenway_clear_035.jpg,clear,fenway
/Users/zsfleming/Downloads/566-Project-zfleming/data/clear/fenway_clear_036.jpg,clear,fenway
/Users/zsfleming/Downloads/566-Project-zfleming/data/clear/fenway_clear_037.jpg,clear,fenway
/Users/zsfleming/Downloads/566-Project-zfleming/data/clear/fenway_clear_038.jpg,clear,fenway
/Users/zsfleming/Downloads/566-Project-zfleming/data/clear/fenway_clear_039.jpg,clear,fenway
/Users/zsfleming/Downloads/566-Project-zfleming/data/clear/fenway_clear_040.jpg,clear,fenway
/Users/zsfleming/Downloads/566-Project-zfleming/data/clear/guaranteedRate_clear_01.jpg,clear,guaranteedrate
/Users/zsfleming/Downloads/566-Project-zfleming/data/clear/guaranteedRate_clear_010.jpg,clear,guaranteedrate
/Users/zsfleming/Downloads/566-Project-zfleming/data/clear/guaranteedRate_clear_011.jpg,clear,guaranteedrate
/Users/zsfleming/Downloads/566-Project-zfleming/data/clear/guaranteedRate_clear_012.jpg,clear,guaranteedrate
/Users/zsfleming/Downloads/566-Project-zfleming/data/clear/guaranteedRate_clear_013.jpg,clear,guaranteedrate
/Users/zsfleming/Downloads/566-Project-zfleming/data/clear/guaranteedRate_clear_014.jpg,clear,guaranteedrate
/Users/zsfleming/Downloads/566-Project-zfleming/data/clear/guaranteedRate_clear_015.jpg,clear,guaranteedrate
/Users/zsfleming/Downloads/566-Project-zfleming/data/clear/guaranteedRate_clear_016.jpg,clear,guaranteedrate
/Users/zsfleming/Downloads/566-Project-zfleming/data/clear/guaranteedRate_clear_017.jpg,clear,guaranteedrate
/Users/zsfleming/Downloads/566-Project-zfleming/data/clear/guaranteedRate_clear_018.jpg,clear,guaranteedrate
/Users/zsfleming/Downloads/566-Project-zfleming/data/clear/guaranteedRate_clear_019.jpg,clear,guaranteedrate
/Users/zsfleming/Downloads/566-Project-zfleming/data/clear/guaranteedRate_clear_02.jpg,clear,guaranteedrate
/Users/zsfleming/Downloads/566-Project-zfleming/data/clear/guaranteedRate_clear_020.jpg,clear,guaranteedrate
/Users/zsfleming/Downloads/566-Project-zfleming/data/clear/guaranteedRate_clear_021.jpg,clear,guaranteedrate
/Users/zsfleming/Downloads/566-Project-zfleming/data/clear/guaranteedRate_clear_022.jpg,clear,guaranteedrate
/Users/zsfleming/Downloads/566-Project-zfleming/data/clear/guaranteedRate_clear_023.jpg,clear,guaranteedrate
/Users/zsfleming/Downloads/566-Project-zfleming/data/clear/guaranteedRate_clear_024.jpg,clear,guaranteedrate
/Users/zsfleming/Downloads/566-Project-zfleming/data/clear/guaranteedRate_clear_025.jpg,clear,guaranteedrate
/Users/zsfleming/Downloads/566-Project-zfleming/data/clear/guaranteedRate_clear_026.jpg,clear,guaranteedrate
/Users/zsfleming/Downloads/566-Project-zfleming/data/clear/guaranteedRate_clear_027.jpg,clear,guaranteedrate
/Users/zsfleming/Downloads/566-Project-zfleming/data/clear/guaranteedRate_clear_028.jpg,clear,guaranteedrate
/Users/zsfleming/Downloads/566-Project-zfleming/data/clear/guaranteedRate_clear_029.jpg,clear,guaranteedrate
/Users/zsfleming/Downloads/566-Project-zfleming/data/clear/guaranteedRate_clear_03.jpg,clear,guaranteedrate
/Users/zsfleming/Downloads/566-Project-zfleming/data/clear/guaranteedRate_clear_030.jpg,clear,guaranteedrate
/Users/zsfleming/Downloads/566-Project-zfleming/data/clear/guaranteedRate_clear_031.jpg,clear,guaranteedrate
/Users/zsfleming/Downloads/566-Project-zfleming/data/clear/guaranteedRate_clear_032.jpg,clear,guaranteedrate
/Users/zsfleming/Downloads/566-Project-zfleming/data/clear/guaranteedRate_clear_033.jpg,clear,guaranteedrate
/Users/zsfleming/Downloads/566-Project-zfleming/data/clear/guaranteedRate_clear_034.jpg,clear,guaranteedrate
/Users/zsfleming/Downloads/566-Project-zfleming/data/clear/guaranteedRate_clear_035.jpg,clear,guaranteedrate
/Users/zsfleming/Downloads/566-Project-zfleming/data/clear/guaranteedRate_clear_036.jpg,clear,guaranteedrate
/Users/zsfleming/Downloads/566-Project-zfleming/data/clear/guaranteedRate_clear_037.jpg,clear,guaranteedrate
/Users/zsfleming/Downloads/566-Project-zfleming/data/clear/guaranteedRate_clear_038.jpg,clear,guaranteedrate
/Users/zsfleming/Downloads/566-Project-zfleming/data/clear/guaranteedRate_clear_039.jpg,clear,guaranteedrate
/Users/zsfleming/Downloads/566-Project-zfleming/data/clear/guaranteedRate_clear_04.jpg,clear,guaranteedrate
/Users/zsfleming/Downloads/566-Project-zfleming/data/clear/guaranteedRate_clear_040.jpg,clear,guaranteedrate
/Users/zsfleming/Downloads/566-Project-zfleming/data/clear/guaranteedRate_clear_05.jpg,clear,guaranteedrate
/Users/zsfleming/Downloads/566-Project-zfleming/data/clear/guaranteedRate_clear_06.jpg,clear,guaranteedrate
/Users/zsfleming/Downloads/566-Project-zfleming/data/clear/guaranteedRate_clear_07.jpg,clear,guaranteedrate
/Users/zsfleming/Downloads/566-Project-zfleming/data/clear/guaranteedRate_clear_08.jpg,clear,guaranteedrate
/Users/zsfleming/Downloads/566-Project-zfleming/data/clear/guaranteedRate_clear_09.jpg,clear,guaranteedrate
/Users/zsfleming/Downloads/566-Project-zfleming/data/clear/oracle_clear_001.jpg,clear,oracle
/Users/zsfleming/Downloads/566-Project-zfleming/data/clear/oracle_clear_002.jpg,clear,oracle
/Users/zsfleming/Downloads/566-Project-zfleming/data/clear/oracle_clear_003.jpg,clear,oracle
/Users/zsfleming/Downloads/566-Project-zfleming/data/clear/oracle_clear_004.jpg,clear,oracle
/Users/zsfleming/Downloads/566-Project-zfleming/data/clear/oracle_clear_005.jpg,clear,oracle
/Users/zsfleming/Downloads/566-Project-zfleming/data/clear/oracle_clear_006.jpg,clear,oracle
/Users/zsfleming/Downloads/566-Project-zfleming/data/clear/oracle_clear_007.jpg,clear,oracle
/Users/zsfleming/Downloads/566-Project-zfleming/data/clear/oracle_clear_008.jpg,clear,oracle
/Users/zsfleming/Downloads/566-Project-zfleming/data/clear/oracle_clear_009.jpg,clear,oracle
/Users/zsfleming/Downloads/566-Project-zfleming/data/clear/oracle_clear_010.jpg,clear,oracle
/Users/zsfleming/Downloads/566-Project-zfleming/data/clear/oracle_clear_011.jpg,clear,oracle
/Users/zsfleming/Downloads/566-Project-zfleming/data/clear/oracle_clear_012.jpg,clear,oracle
/Users/zsfleming/Downloads/566-Project-zfleming/data/clear/oracle_clear_013.jpg,clear,oracle
/Users/zsfleming/Downloads/566-Project-zfleming/data/clear/oracle_clear_014.jpg,clear,oracle
/Users/zsfleming/Downloads/566-Project-zfleming/data/clear/oracle_clear_015.jpg,clear,oracle
/Users/zsfleming/Downloads/566-Project-zfleming/data/clear/oracle_clear_016.jpg,clear,oracle
/Users/zsfleming/Downloads/566-Project-zfleming/data/clear/oracle_clear_017.jpg,clear,oracle
/Users/zsfleming/Downloads/566-Project-zfleming/data/clear/oracle_clear_018.jpg,clear,oracle
/Users/zsfleming/Downloads/566-Project-zfleming/data/clear/oracle_clear_019.jpg,clear,oracle
/Users/zsfleming/Downloads/566-Project-zfleming/data/clear/oracle_clear_020.jpg,clear,oracle
/Users/zsfleming/Downloads/566-Project-zfleming/data/clear/oracle_clear_021.jpg,clear,oracle
/Users/zsfleming/Downloads/566-Project-zfleming/data/clear/oracle_clear_022.jpg,clear,oracle
/Users/zsfleming/Downloads/566-Project-zfleming/data/clear/oracle_clear_023.jpg,clear,oracle
/Users/zsfleming/Downloads/566-Project-zfleming/data/clear/oracle_clear_024.jpg,clear,oracle
/Users/zsfleming/Downloads/566-Project-zfleming/data/clear/oracle_clear_025.jpg,clear,oracle
/Users/zsfleming/Downloads/566-Project-zfleming/data/clear/oracle_clear_026.jpg,clear,oracle
/Users/zsfleming/Downloads/566-Project-zfleming/data/clear/oracle_clear_027.jpg,clear,oracle
/Users/zsfleming/Downloads/566-Project-zfleming/data/clear/oracle_clear_028.jpg,clear,oracle
/Users/zsfleming/Downloads/566-Project-zfleming/data/clear/oracle_clear_029.jpg,clear,oracle
/Users/zsfleming/Downloads/566-Project-zfleming/data/clear/oracle_clear_030.jpg,clear,oracle
/Users/zsfleming/Downloads/566-Project-zfleming/data/clear/oracle_clear_031.jpg,clear,oracle
/Users/zsfleming/Downloads/566-Project-zfleming/data/clear/oracle_clear_032.jpg,clear,oracle
/Users/zsfleming/Downloads/566-Project-zfleming/data/clear/oracle_clear_033.jpg,clear,oracle
/Users/zsfleming/Downloads/566-Project-zfleming/data/clear/oracle_clear_034.jpg,clear,oracle
/Users/zsfleming/Downloads/566-Project-zfleming/data/clear/oracle_clear_035.jpg,clear,oracle
/Users/zsfleming/Downloads/566-Project-zfleming/data/clear/oracle_clear_036.jpg,clear,oracle
/Users/zsfleming/Downloads/566-Project-zfleming/data/clear/oracle_clear_037.jpg,clear,oracle
/Users/zsfleming/Downloads/566-Project-zfleming/data/clear/oracle_clear_038.jpg,clear,oracle
/Users/zsfleming/Downloads/566-Project-zfleming/data/clear/oracle_clear_039.jpg,clear,oracle
/Users/zsfleming/Downloads/566-Project-zfleming/data/clear/oracle_clear_040.jpg,clear,oracle
/Users/zsfleming/Downloads/566-Project-zfleming/data/clear/oracle_clear_041.jpg,clear,oracle
/Users/zsfleming/Downloads/566-Project-zfleming/data/clear/oracle_clear_042.jpg,clear,oracle
/Users/zsfleming/Downloads/566-Project-zfleming/data/clear/oracle_clear_043.jpg,clear,oracle
/Users/zsfleming/Downloads/566-Project-zfleming/data/clear/oracle_clear_044.jpg,clear,oracle
/Users/zsfleming/Downloads/566-Project-zfleming/data/clear/oracle_clear_045.jpg,clear,oracle
/Users/zsfleming/Downloads/566-Project-zfleming/data/clear/oracle_clear_046.jpg,clear,oracle
/Users/zsfleming/Downloads/566-Project-zfleming/data/clear/oracle_clear_047.jpg,clear,oracle
/Users/zsfleming/Downloads/566-Project-zfleming/data/clear/oracle_clear_048.jpg,clear,oracle
/Users/zsfleming/Downloads/566-Project-zfleming/data/clear/target_clear_01.jpg,clear,target
/Users/zsfleming/Downloads/566-Project-zfleming/data/clear/target_clear_010.jpg,clear,target
/Users/zsfleming/Downloads/566-Project-zfleming/data/clear/target_clear_011.jpg,clear,target
/Users/zsfleming/Downloads/566-Project-zfleming/data/clear/target_clear_012.jpg,clear,target
/Users/zsfleming/Downloads/566-Project-zfleming/data/clear/target_clear_013.jpg,clear,target
/Users/zsfleming/Downloads/566-Project-zfleming/data/clear/target_clear_014.jpg,clear,target
/Users/zsfleming/Downloads/566-Project-zfleming/data/clear/target_clear_015.jpg,clear,target
/Users/zsfleming/Downloads/566-Project-zfleming/data/clear/target_clear_016.jpg,clear,target
/Users/zsfleming/Downloads/566-Project-zfleming/data/clear/target_clear_017.jpg,clear,target
/Users/zsfleming/Downloads/566-Project-zfleming/data/clear/target_clear_018.jpg,clear,target
/Users/zsfleming/Downloads/566-Project-zfleming/data/clear/target_clear_019.jpg,clear,target
/Users/zsfleming/Downloads/566-Project-zfleming/data/clear/target_clear_02.jpg,clear,target
/Users/zsfleming/Downloads/566-Project-zfleming/data/clear/target_clear_020.jpg,clear,target
/Users/zsfleming/Downloads/566-Project-zfleming/data/clear/target_clear_021.jpg,clear,target
/Users/zsfleming/Downloads/566-Project-zfleming/data/clear/target_clear_022.jpg,clear,target
/Users/zsfleming/Downloads/566-Project-zfleming/data/clear/target_clear_023.jpg,clear,target
/Users/zsfleming/Downloads/566-Project-zfleming/data/clear/target_clear_024.jpg,clear,target
/Users/zsfleming/Downloads/566-Project-zfleming/data/clear/target_clear_025.jpg,clear,target
/Users/zsfleming/Downloads/566-Project-zfleming/data/clear/target_clear_026.jpg,clear,target
/Users/zsfleming/Downloads/566-Project-zfleming/data/clear/target_clear_027.jpg,clear,target
/Users/zsfleming/Downloads/566-Project-zfleming/data/clear/target_clear_028.jpg,clear,target
/Users/zsfleming/Downloads/566-Project-zfleming/data/clear/target_clear_029.jpg,clear,target
/Users/zsfleming/Downloads/566-Project-zfleming/data/clear/target_clear_03.jpg,clear,target
/Users/zsfleming/Downloads/566-Project-zfleming/data/clear/target_clear_04.jpg,clear,target
/Users/zsfleming/Downloads/566-Project-zfleming/data/clear/target_clear_05.jpg,clear,target
/Users/zsfleming/Downloads/566-Project-zfleming/data/clear/target_clear_06.jpg,clear,target
/Users/zsfleming/Downloads/566-Project-zfleming/data/clear/target_clear_07.jpg,clear,target
/Users/zsfleming/Downloads/566-Project-zfleming/data/clear/target_clear_08.jpg,clear,target
/Users/zsfleming/Downloads/566-Project-zfleming/data/clear/target_clear_09.jpg,clear,target
/Users/zsfleming/Downloads/566-Project-zfleming/data/clear/tropicana_clear_01.jpg,clear,tropicana
/Users/zsfleming/Downloads/566-Project-zfleming/data/clear/tropicana_clear_010.jpg,clear,tropicana
/Users/zsfleming/Downloads/566-Project-zfleming/data/clear/tropicana_clear_011.jpg,clear,tropicana
/Users/zsfleming/Downloads/566-Project-zfleming/data/clear/tropicana_clear_012.jpg,clear,tropicana
/Users/zsfleming/Downloads/566-Project-zfleming/data/clear/tropicana_clear_013.jpg,clear,tropicana
/Users/zsfleming/Downloads/566-Project-zfleming/data/clear/tropicana_clear_014.jpg,clear,tropicana
/Users/zsfleming/Downloads/566-Project-zfleming/data/clear/tropicana_clear_015.jpg,clear,tropicana
/Users/zsfleming/Downloads/566-Project-zfleming/data/clear/tropicana_clear_016.jpg,clear,tropicana
/Users/zsfleming/Downloads/566-Project-zfleming/data/clear/tropicana_clear_017.jpg,clear,tropicana
/Users/zsfleming/Downloads/566-Project-zfleming/data/clear/tropicana_clear_018.jpg,clear,tropicana
/Users/zsfleming/Downloads/566-Project-zfleming/data/clear/tropicana_clear_019.jpg,clear,tropicana
/Users/zsfleming/Downloads/566-Project-zfleming/data/clear/tropicana_clear_02.jpg,clear,tropicana
/Users/zsfleming/Downloads/566-Project-zfleming/data/clear/tropicana_clear_020.jpg,clear,tropicana
/Users/zsfleming/Downloads/566-Project-zfleming/data/clear/tropicana_clear_021.jpg,clear,tropicana
/Users/zsfleming/Downloads/566-Project-zfleming/data/clear/tropicana_clear_022.jpg,clear,tropicana
/Users/zsfleming/Downloads/566-Project-zfleming/data/clear/tropicana_clear_023.jpg,clear,tropicana
/Users/zsfleming/Downloads/566-Project-zfleming/data/clear/tropicana_clear_024.jpg,clear,tropicana
/Users/zsfleming/Downloads/566-Project-zfleming/data/clear/tropicana_clear_025.jpg,clear,tropicana
/Users/zsfleming/Downloads/566-Project-zfleming/data/clear/tropicana_clear_026.jpg,clear,tropicana
/Users/zsfleming/Downloads/566-Project-zfleming/data/clear/tropicana_clear_027.jpg,clear,tropicana
/Users/zsfleming/Downloads/566-Project-zfleming/data/clear/tropicana_clear_028.jpg,clear,tropicana
/Users/zsfleming/Downloads/566-Project-zfleming/data/clear/tropicana_clear_029.jpg,clear,tropicana
/Users/zsfleming/Downloads/566-Project-zfleming/data/clear/tropicana_clear_03.jpg,clear,tropicana
/Users/zsfleming/Downloads/566-Project-zfleming/data/clear/tropicana_clear_030.jpg,clear,tropicana
/Users/zsfleming/Downloads/566-Project-zfleming/data/clear/tropicana_clear_031.jpg,clear,tropicana
/Users/zsfleming/Downloads/566-Project-zfleming/data/clear/tropicana_clear_032.jpg,clear,tropicana
/Users/zsfleming/Downloads/566-Project-zfleming/data/clear/tropicana_clear_033.jpg,clear,tropicana
/Users/zsfleming/Downloads/566-Project-zfleming/data/clear/tropicana_clear_034.jpg,clear,tropicana
/Users/zsfleming/Downloads/566-Project-zfleming/data/clear/tropicana_clear_04.jpg,clear,tropicana
/Users/zsfleming/Downloads/566-Project-zfleming/data/clear/tropicana_clear_05.jpg,clear,tropicana
/Users/zsfleming/Downloads/566-Project-zfleming/data/clear/tropicana_clear_06.jpg,clear,tropicana
/Users/zsfleming/Downloads/566-Project-zfleming/data/clear/tropicana_clear_07.jpg,clear,tropicana
/Users/zsfleming/Downloads/566-Project-zfleming/data/clear/tropicana_clear_08.jpg,clear,tropicana
/Users/zsfleming/Downloads/566-Project-zfleming/data/clear/tropicana_clear_09.jpg,clear,tropicana
/Users/zsfleming/Downloads/566-Project-zfleming/data/clear/wrigley_clear_001.jpg,clear,wrigley
/Users/zsfleming/Downloads/566-Project-zfleming/data/clear/wrigley_clear_002.jpg,clear,wrigley
/Users/zsfleming/Downloads/566-Project-zfleming/data/clear/wrigley_clear_003.jpg,clear,wrigley
/Users/zsfleming/Downloads/566-Project-zfleming/data/clear/wrigley_clear_004.jpg,clear,wrigley
/Users/zsfleming/Downloads/566-Project-zfleming/data/clear/wrigley_clear_005.jpg,clear,wrigley
/Users/zsfleming/Downloads/566-Project-zfleming/data/clear/wrigley_clear_006.jpg,clear,wrigley
/Users/zsfleming/Downloads/566-Project-zfleming/data/clear/wrigley_clear_007.jpg,clear,wrigley
/Users/zsfleming/Downloads/566-Project-zfleming/data/clear/wrigley_clear_008.jpg,clear,wrigley
/Users/zsfleming/Downloads/566-Project-zfleming/data/clear/wrigley_clear_009.jpg,clear,wrigley
/Users/zsfleming/Downloads/566-Project-zfleming/data/clear/wrigley_clear_010.jpg,clear,wrigley
/Users/zsfleming/Downloads/566-Project-zfleming/data/clear/wrigley_clear_011.jpg,clear,wrigley
/Users/zsfleming/Downloads/566-Project-zfleming/data/clear/wrigley_clear_012.jpg,clear,wrigley
/Users/zsfleming/Downloads/566-Project-zfleming/data/clear/wrigley_clear_013.jpg,clear,wrigley
/Users/zsfleming/Downloads/566-Project-zfleming/data/clear/wrigley_clear_014.jpg,clear,wrigley
/Users/zsfleming/Downloads/566-Project-zfleming/data/clear/wrigley_clear_015.jpg,clear,wrigley
/Users/zsfleming/Downloads/566-Project-zfleming/data/clear/wrigley_clear_016.jpg,clear,wrigley
/Users/zsfleming/Downloads/566-Project-zfleming/data/clear/wrigley_clear_017.jpg,clear,wrigley
/Users/zsfleming/Downloads/566-Project-zfleming/data/clear/wrigley_clear_018.jpg,clear,wrigley
/Users/zsfleming/Downloads/566-Project-zfleming/data/clear/wrigley_clear_019.jpg,clear,wrigley
/Users/zsfleming/Downloads/566-Project-zfleming/data/clear/wrigley_clear_020.jpg,clear,wrigley
/Users/zsfleming/Downloads/566-Project-zfleming/data/clear/wrigley_clear_021.jpg,clear,wrigley
/Users/zsfleming/Downloads/566-Project-zfleming/data/clear/wrigley_clear_022.jpg,clear,wrigley
/Users/zsfleming/Downloads/566-Project-zfleming/data/clear/wrigley_clear_023.jpg,clear,wrigley
/Users/zsfleming/Downloads/566-Project-zfleming/data/clear/wrigley_clear_024.jpg,clear,wrigley
/Users/zsfleming/Downloads/566-Project-zfleming/data/clear/wrigley_clear_025.jpg,clear,wrigley
/Users/zsfleming/Downloads/566-Project-zfleming/data/clear/wrigley_clear_026.jpg,clear,wrigley
/Users/zsfleming/Downloads/566-Project-zfleming/data/clear/wrigley_clear_027.jpg,clear,wrigley
/Users/zsfleming/Downloads/566-Project-zfleming/data/clear/wrigley_clear_028.jpg,clear,wrigley
/Users/zsfleming/Downloads/566-Project-zfleming/data/clear/yankee_clear_01.jpg,clear,yankee
/Users/zsfleming/Downloads/566-Project-zfleming/data/clear/yankee_clear_010.jpg,clear,yankee
/Users/zsfleming/Downloads/566-Project-zfleming/data/clear/yankee_clear_011.jpg,clear,yankee
/Users/zsfleming/Downloads/566-Project-zfleming/data/clear/yankee_clear_012.jpg,clear,yankee
/Users/zsfleming/Downloads/566-Project-zfleming/data/clear/yankee_clear_013.jpg,clear,yankee
/Users/zsfleming/Downloads/566-Project-zfleming/data/clear/yankee_clear_014.jpg,clear,yankee
/Users/zsfleming/Downloads/566-Project-zfleming/data/clear/yankee_clear_015.jpg,clear,yankee
/Users/zsfleming/Downloads/566-Project-zfleming/data/clear/yankee_clear_016.jpg,clear,yankee
/Users/zsfleming/Downloads/566-Project-zfleming/data/clear/yankee_clear_017.jpg,clear,yankee
/Users/zsfleming/Downloads/566-Project-zfleming/data/clear/yankee_clear_018.jpg,clear,yankee
/Users/zsfleming/Downloads/566-Project-zfleming/data/clear/yankee_clear_019.jpg,clear,yankee
/Users/zsfleming/Downloads/566-Project-zfleming/data/clear/yankee_clear_02.jpg,clear,yankee
/Users/zsfleming/Downloads/566-Project-zfleming/data/clear/yankee_clear_020.jpg,clear,yankee
/Users/zsfleming/Downloads/566-Project-zfleming/data/clear/yankee_clear_021.jpg,clear,yankee
/Users/zsfleming/Downloads/566-Project-zfleming/data/clear/yankee_clear_022.jpg,clear,yankee
/Users/zsfleming/Downloads/566-Project-zfleming/data/clear/yankee_clear_023.jpg,clear,yankee
/Users/zsfleming/Downloads/566-Project-zfleming/data/clear/yankee_clear_024.jpg,clear,yankee
/Users/zsfleming/Downloads/566-Project-zfleming/data/clear/yankee_clear_025.jpg,clear,yankee
/Users/zsfleming/Downloads/566-Project-zfleming/data/clear/yankee_clear_026.jpg,clear,yankee
/Users/zsfleming/Downloads/566-Project-zfleming/data/clear/yankee_clear_027.jpg,clear,yankee
/Users/zsfleming/Downloads/566-Project-zfleming/data/clear/yankee_clear_028.jpg,clear,yankee
/Users/zsfleming/Downloads/566-Project-zfleming/data/clear/yankee_clear_029.jpg,clear,yankee
/Users/zsfleming/Downloads/566-Project-zfleming/data/clear/yankee_clear_03.jpg,clear,yankee
/Users/zsfleming/Downloads/566-Project-zfleming/data/clear/yankee_clear_030.jpg,clear,yankee
/Users/zsfleming/Downloads/566-Project-zfleming/data/clear/yankee_clear_031.jpg,clear,yankee
/Users/zsfleming/Downloads/566-Project-zfleming/data/clear/yankee_clear_032.jpg,clear,yankee
/Users/zsfleming/Downloads/566-Project-zfleming/data/clear/yankee_clear_033.jpg,clear,yankee
/Users/zsfleming/Downloads/566-Project-zfleming/data/clear/yankee_clear_034.jpg,clear,yankee
/Users/zsfleming/Downloads/566-Project-zfleming/data/clear/yankee_clear_035.jpg,clear,yankee
/Users/zsfleming/Downloads/566-Project-zfleming/data/clear/yankee_clear_036.jpg,clear,yankee
/Users/zsfleming/Downloads/566-Project-zfleming/data/clear/yankee_clear_037.jpg,clear,yankee
/Users/zsfleming/Downloads/566-Project-zfleming/data/clear/yankee_clear_038.jpg,clear,yankee
/Users/zsfleming/Downloads/566-Project-zfleming/data/clear/yankee_clear_039.jpg,clear,yankee
/Users/zsfleming/Downloads/566-Project-zfleming/data/clear/yankee_clear_04.jpg,clear,yankee
/Users/zsfleming/Downloads/566-Project-zfleming/data/clear/yankee_clear_040.jpg,clear,yankee
/Users/zsfleming/Downloads/566-Project-zfleming/data/clear/yankee_clear_041.jpg,clear,yankee
/Users/zsfleming/Downloads/566-Project-zfleming/data/clear/yankee_clear_042.jpg,clear,yankee
/Users/zsfleming/Downloads/566-Project-zfleming/data/clear/yankee_clear_043.jpg,clear,yankee
/Users/zsfleming/Downloads/566-Project-zfleming/data/clear/yankee_clear_044.jpg,clear,yankee
/Users/zsfleming/Downloads/566-Project-zfleming/data/clear/yankee_clear_045.jpg,clear,yankee
/Users/zsfleming/Downloads/566-Project-zfleming/data/clear/yankee_clear_046.jpg,clear,yankee
/Users/zsfleming/Downloads/566-Project-zfleming/data/clear/yankee_clear_047.jpg,clear,yankee
/Users/zsfleming/Downloads/566-Project-zfleming/data/clear/yankee_clear_048.jpg,clear,yankee
/Users/zsfleming/Downloads/566-Project-zfleming/data/clear/yankee_clear_049.jpg,clear,yankee
/Users/zsfleming/Downloads/566-Project-zfleming/data/clear/yankee_clear_05.jpg,clear,yankee
/Users/zsfleming/Downloads/566-Project-zfleming/data/clear/yankee_clear_050.jpg,clear,yankee
/Users/zsfleming/Downloads/566-Project-zfleming/data/clear/yankee_clear_051.jpg,clear,yankee
/Users/zsfleming/Downloads/566-Project-zfleming/data/clear/yankee_clear_052.jpg,clear,yankee
/Users/zsfleming/Downloads/566-Project-zfleming/data/clear/yankee_clear_053.jpg,clear,yankee
/Users/zsfleming/Downloads/566-Project-zfleming/data/clear/yankee_clear_054.jpg,clear,yankee
/Users/zsfleming/Downloads/566-Project-zfleming/data/clear/yankee_clear_055.jpg,clear,yankee
/Users/zsfleming/Downloads/566-Project-zfleming/data/clear/yankee_clear_056.jpg,clear,yankee
/Users/zsfleming/Downloads/566-Project-zfleming/data/clear/yankee_clear_057.jpg,clear,yankee
/Users/zsfleming/Downloads/566-Project-zfleming/data/clear/yankee_clear_06.jpg,clear,yankee
/Users/zsfleming/Downloads/566-Project-zfleming/data/clear/yankee_clear_07.jpg,clear,yankee
/Users/zsfleming/Downloads/566-Project-zfleming/data/clear/yankee_clear_08.jpg,clear,yankee
/Users/zsfleming/Downloads/566-Project-zfleming/data/clear/yankee_clear_09.jpg,clear,yankee
/Users/zsfleming/Downloads/566-Project-zfleming/data/obstructed/amfam_obstructed_001.jpg,obstructed,amfam
/Users/zsfleming/Downloads/566-Project-zfleming/data/obstructed/amfam_obstructed_002.jpg,obstructed,amfam
/Users/zsfleming/Downloads/566-Project-zfleming/data/obstructed/amfam_obstructed_003.jpg,obstructed,amfam
/Users/zsfleming/Downloads/566-Project-zfleming/data/obstructed/amfam_obstructed_004.jpg,obstructed,amfam
/Users/zsfleming/Downloads/566-Project-zfleming/data/obstructed/amfam_obstructed_005.jpg,obstructed,amfam
/Users/zsfleming/Downloads/566-Project-zfleming/data/obstructed/amfam_obstructed_006.jpg,obstructed,amfam
/Users/zsfleming/Downloads/566-Project-zfleming/data/obstructed/amfam_obstructed_007.jpg,obstructed,amfam
/Users/zsfleming/Downloads/566-Project-zfleming/data/obstructed/amfam_obstructed_008.jpg,obstructed,amfam
/Users/zsfleming/Downloads/566-Project-zfleming/data/obstructed/amfam_obstructed_009.jpg,obstructed,amfam
/Users/zsfleming/Downloads/566-Project-zfleming/data/obstructed/amfam_obstructed_010.jpg,obstructed,amfam
/Users/zsfleming/Downloads/566-Project-zfleming/data/obstructed/amfam_obstructed_011.jpg,obstructed,amfam
/Users/zsfleming/Downloads/566-Project-zfleming/data/obstructed/amfam_obstructed_012.jpg,obstructed,amfam
/Users/zsfleming/Downloads/566-Project-zfleming/data/obstructed/amfam_obstructed_013.jpg,obstructed,amfam
/Users/zsfleming/Downloads/566-Project-zfleming/data/obstructed/amfam_obstructed_014.jpg,obstructed,amfam
/Users/zsfleming/Downloads/566-Project-zfleming/data/obstructed/amfam_obstructed_015.jpg,obstructed,amfam
/Users/zsfleming/Downloads/566-Project-zfleming/data/obstructed/amfam_obstructed_016.jpg,obstructed,amfam
/Users/zsfleming/Downloads/566-Project-zfleming/data/obstructed/amfam_obstructed_017.jpg,obstructed,amfam
/Users/zsfleming/Downloads/566-Project-zfleming/data/obstructed/amfam_obstructed_018.jpg,obstructed,amfam
/Users/zsfleming/Downloads/566-Project-zfleming/data/obstructed/amfam_obstructed_019.jpg,obstructed,amfam
/Users/zsfleming/Downloads/566-Project-zfleming/data/obstructed/amfam_obstructed_020.jpg,obstructed,amfam
/Users/zsfleming/Downloads/566-Project-zfleming/data/obstructed/amfam_obstructed_021.jpg,obstructed,amfam
/Users/zsfleming/Downloads/566-Project-zfleming/data/obstructed/amfam_obstructed_022.jpg,obstructed,amfam
/Users/zsfleming/Downloads/566-Project-zfleming/data/obstructed/amfam_obstructed_023.jpg,obstructed,amfam
/Users/zsfleming/Downloads/566-Project-zfleming/data/obstructed/fenway_obstructed_001.jpg,obstructed,fenway
/Users/zsfleming/Downloads/566-Project-zfleming/data/obstructed/fenway_obstructed_002.jpg,obstructed,fenway
/Users/zsfleming/Downloads/566-Project-zfleming/data/obstructed/fenway_obstructed_003.jpg,obstructed,fenway
/Users/zsfleming/Downloads/566-Project-zfleming/data/obstructed/fenway_obstructed_004.jpg,obstructed,fenway
/Users/zsfleming/Downloads/566-Project-zfleming/data/obstructed/fenway_obstructed_005.jpg,obstructed,fenway
/Users/zsfleming/Downloads/566-Project-zfleming/data/obstructed/fenway_obstructed_006.jpg,obstructed,fenway
/Users/zsfleming/Downloads/566-Project-zfleming/data/obstructed/fenway_obstructed_007.jpg,obstructed,fenway
/Users/zsfleming/Downloads/566-Project-zfleming/data/obstructed/fenway_obstructed_008.jpg,obstructed,fenway
/Users/zsfleming/Downloads/566-Project-zfleming/data/obstructed/fenway_obstructed_009.jpg,obstructed,fenway
/Users/zsfleming/Downloads/566-Project-zfleming/data/obstructed/fenway_obstructed_010.jpg,obstructed,fenway
/Users/zsfleming/Downloads/566-Project-zfleming/data/obstructed/fenway_obstructed_011.jpg,obstructed,fenway
/Users/zsfleming/Downloads/566-Project-zfleming/data/obstructed/fenway_obstructed_012.jpg,obstructed,fenway
/Users/zsfleming/Downloads/566-Project-zfleming/data/obstructed/fenway_obstructed_013.jpg,obstructed,fenway
/Users/zsfleming/Downloads/566-Project-zfleming/data/obstructed/fenway_obstructed_014.jpg,obstructed,fenway
/Users/zsfleming/Downloads/566-Project-zfleming/data/obstructed/fenway_obstructed_015.jpg,obstructed,fenway
/Users/zsfleming/Downloads/566-Project-zfleming/data/obstructed/fenway_obstructed_016.jpg,obstructed,fenway
/Users/zsfleming/Downloads/566-Project-zfleming/data/obstructed/fenway_obstructed_017.jpg,obstructed,fenway
/Users/zsfleming/Downloads/566-Project-zfleming/data/obstructed/fenway_obstructed_018.jpg,obstructed,fenway
/Users/zsfleming/Downloads/566-Project-zfleming/data/obstructed/fenway_obstructed_019.jpg,obstructed,fenway
/Users/zsfleming/Downloads/566-Project-zfleming/data/obstructed/fenway_obstructed_020.jpg,obstructed,fenway
/Users/zsfleming/Downloads/566-Project-zfleming/data/obstructed/fenway_obstructed_021.jpg,obstructed,fenway
/Users/zsfleming/Downloads/566-Project-zfleming/data/obstructed/fenway_obstructed_022.jpg,obstructed,fenway
/Users/zsfleming/Downloads/566-Project-zfleming/data/obstructed/guaranteedRate_obstructed_01.jpg,obstructed,guaranteedrate
/Users/zsfleming/Downloads/566-Project-zfleming/data/obstructed/guaranteedRate_obstructed_010.jpg,obstructed,guaranteedrate
/Users/zsfleming/Downloads/566-Project-zfleming/data/obstructed/guaranteedRate_obstructed_011.jpg,obstructed,guaranteedrate
/Users/zsfleming/Downloads/566-Project-zfleming/data/obstructed/guaranteedRate_obstructed_012.jpg,obstructed,guaranteedrate
/Users/zsfleming/Downloads/566-Project-zfleming/data/obstructed/guaranteedRate_obstructed_013.jpg,obstructed,guaranteedrate
/Users/zsfleming/Downloads/566-Project-zfleming/data/obstructed/guaranteedRate_obstructed_014.jpg,obstructed,guaranteedrate
/Users/zsfleming/Downloads/566-Project-zfleming/data/obstructed/guaranteedRate_obstructed_015.jpg,obstructed,guaranteedrate
/Users/zsfleming/Downloads/566-Project-zfleming/data/obstructed/guaranteedRate_obstructed_016.jpg,obstructed,guaranteedrate
/Users/zsfleming/Downloads/566-Project-zfleming/data/obstructed/guaranteedRate_obstructed_017.jpg,obstructed,guaranteedrate
/Users/zsfleming/Downloads/566-Project-zfleming/data/obstructed/guaranteedRate_obstructed_018.jpg,obstructed,guaranteedrate
/Users/zsfleming/Downloads/566-Project-zfleming/data/obstructed/guaranteedRate_obstructed_019.jpg,obstructed,guaranteedrate
/Users/zsfleming/Downloads/566-Project-zfleming/data/obstructed/guaranteedRate_obstructed_02.jpg,obstructed,guaranteedrate
/Users/zsfleming/Downloads/566-Project-zfleming/data/obstructed/guaranteedRate_obstructed_020.jpg,obstructed,guaranteedrate
/Users/zsfleming/Downloads/566-Project-zfleming/data/obstructed/guaranteedRate_obstructed_021.jpg,obstructed,guaranteedrate
/Users/zsfleming/Downloads/566-Project-zfleming/data/obstructed/guaranteedRate_obstructed_022.jpg,obstructed,guaranteedrate
/Users/zsfleming/Downloads/566-Project-zfleming/data/obstructed/guaranteedRate_obstructed_023.jpg,obstructed,guaranteedrate
/Users/zsfleming/Downloads/566-Project-zfleming/data/obstructed/guaranteedRate_obstructed_024.jpg,obstructed,guaranteedrate
/Users/zsfleming/Downloads/566-Project-zfleming/data/obstructed/guaranteedRate_obstructed_025.jpg,obstructed,guaranteedrate
/Users/zsfleming/Downloads/566-Project-zfleming/data/obstructed/guaranteedRate_obstructed_026.jpg,obstructed,guaranteedrate
/Users/zsfleming/Downloads/566-Project-zfleming/data/obstructed/guaranteedRate_obstructed_027.jpg,obstructed,guaranteedrate
/Users/zsfleming/Downloads/566-Project-zfleming/data/obstructed/guaranteedRate_obstructed_028.jpg,obstructed,guaranteedrate
/Users/zsfleming/Downloads/566-Project-zfleming/data/obstructed/guaranteedRate_obstructed_029.jpg,obstructed,guaranteedrate
/Users/zsfleming/Downloads/566-Project-zfleming/data/obstructed/guaranteedRate_obstructed_03.jpg,obstructed,guaranteedrate
/Users/zsfleming/Downloads/566-Project-zfleming/data/obstructed/guaranteedRate_obstructed_030.jpg,obstructed,guaranteedrate
/Users/zsfleming/Downloads/566-Project-zfleming/data/obstructed/guaranteedRate_obstructed_031.jpg,obstructed,guaranteedrate
/Users/zsfleming/Downloads/566-Project-zfleming/data/obstructed/guaranteedRate_obstructed_032.jpg,obstructed,guaranteedrate
/Users/zsfleming/Downloads/566-Project-zfleming/data/obstructed/guaranteedRate_obstructed_033.jpg,obstructed,guaranteedrate
/Users/zsfleming/Downloads/566-Project-zfleming/data/obstructed/guaranteedRate_obstructed_034.jpg,obstructed,guaranteedrate
/Users/zsfleming/Downloads/566-Project-zfleming/data/obstructed/guaranteedRate_obstructed_035.jpg,obstructed,guaranteedrate
/Users/zsfleming/Downloads/566-Project-zfleming/data/obstructed/guaranteedRate_obstructed_04.jpg,obstructed,guaranteedrate
/Users/zsfleming/Downloads/566-Project-zfleming/data/obstructed/guaranteedRate_obstructed_05.jpg,obstructed,guaranteedrate
/Users/zsfleming/Downloads/566-Project-zfleming/data/obstructed/guaranteedRate_obstructed_06.jpg,obstructed,guaranteedrate
/Users/zsfleming/Downloads/566-Project-zfleming/data/obstructed/guaranteedRate_obstructed_07.jpg,obstructed,guaranteedrate
/Users/zsfleming/Downloads/566-Project-zfleming/data/obstructed/guaranteedRate_obstructed_08.jpg,obstructed,guaranteedrate
/Users/zsfleming/Downloads/566-Project-zfleming/data/obstructed/guaranteedRate_obstructed_09.jpg,obstructed,guaranteedrate
/Users/zsfleming/Downloads/566-Project-zfleming/data/obstructed/oracle_obstructed_001.jpg,obstructed,oracle
/Users/zsfleming/Downloads/566-Project-zfleming/data/obstructed/oracle_obstructed_002.jpg,obstructed,oracle
/Users/zsfleming/Downloads/566-Project-zfleming/data/obstructed/oracle_obstructed_003.jpg,obstructed,oracle
/Users/zsfleming/Downloads/566-Project-zfleming/data/obstructed/oracle_obstructed_004.jpg,obstructed,oracle
/Users/zsfleming/Downloads/566-Project-zfleming/data/obstructed/oracle_obstructed_005.jpg,obstructed,oracle
/Users/zsfleming/Downloads/566-Project-zfleming/data/obstructed/oracle_obstructed_006.jpg,obstructed,oracle
/Users/zsfleming/Downloads/566-Project-zfleming/data/obstructed/oracle_obstructed_007.jpg,obstructed,oracle
/Users/zsfleming/Downloads/566-Project-zfleming/data/obstructed/oracle_obstructed_008.jpg,obstructed,oracle
/Users/zsfleming/Downloads/566-Project-zfleming/data/obstructed/oracle_obstructed_009.jpg,obstructed,oracle
/Users/zsfleming/Downloads/566-Project-zfleming/data/obstructed/oracle_obstructed_010.jpg,obstructed,oracle
/Users/zsfleming/Downloads/566-Project-zfleming/data/obstructed/oracle_obstructed_011.jpg,obstructed,oracle
/Users/zsfleming/Downloads/566-Project-zfleming/data/obstructed/oracle_obstructed_012.jpg,obstructed,oracle
/Users/zsfleming/Downloads/566-Project-zfleming/data/obstructed/oracle_obstructed_013.jpg,obstructed,oracle
/Users/zsfleming/Downloads/566-Project-zfleming/data/obstructed/oracle_obstructed_014.jpg,obstructed,oracle
/Users/zsfleming/Downloads/566-Project-zfleming/data/obstructed/oracle_obstructed_015.jpg,obstructed,oracle
/Users/zsfleming/Downloads/566-Project-zfleming/data/obstructed/oracle_obstructed_016.jpg,obstructed,oracle
/Users/zsfleming/Downloads/566-Project-zfleming/data/obstructed/oracle_obstructed_017.jpg,obstructed,oracle
/Users/zsfleming/Downloads/566-Project-zfleming/data/obstructed/oracle_obstructed_018.jpg,obstructed,oracle
/Users/zsfleming/Downloads/566-Project-zfleming/data/obstructed/oracle_obstructed_019.jpg,obstructed,oracle
/Users/zsfleming/Downloads/566-Project-zfleming/data/obstructed/oracle_obstructed_020.jpg,obstructed,oracle
/Users/zsfleming/Downloads/566-Project-zfleming/data/obstructed/oracle_obstructed_021.jpg,obstructed,oracle
/Users/zsfleming/Downloads/566-Project-zfleming/data/obstructed/oracle_obstructed_022.jpg,obstructed,oracle
/Users/zsfleming/Downloads/566-Project-zfleming/data/obstructed/oracle_obstructed_023.jpg,obstructed,oracle
/Users/zsfleming/Downloads/566-Project-zfleming/data/obstructed/oracle_obstructed_024.jpg,obstructed,oracle
/Users/zsfleming/Downloads/566-Project-zfleming/data/obstructed/target_obstructed_01.jpg,obstructed,target
/Users/zsfleming/Downloads/566-Project-zfleming/data/obstructed/target_obstructed_010.jpg,obstructed,target
/Users/zsfleming/Downloads/566-Project-zfleming/data/obstructed/target_obstructed_011.jpg,obstructed,target
/Users/zsfleming/Downloads/566-Project-zfleming/data/obstructed/target_obstructed_012.jpg,obstructed,target
/Users/zsfleming/Downloads/566-Project-zfleming/data/obstructed/target_obstructed_013.jpg,obstructed,target
/Users/zsfleming/Downloads/566-Project-zfleming/data/obstructed/target_obstructed_014.jpg,obstructed,target
/Users/zsfleming/Downloads/566-Project-zfleming/data/obstructed/target_obstructed_015.jpg,obstructed,target
/Users/zsfleming/Downloads/566-Project-zfleming/data/obstructed/target_obstructed_016.jpg,obstructed,target
/Users/zsfleming/Downloads/566-Project-zfleming/data/obstructed/target_obstructed_017.jpg,obstructed,target
/Users/zsfleming/Downloads/566-Project-zfleming/data/obstructed/target_obstructed_018.jpg,obstructed,target
/Users/zsfleming/Downloads/566-Project-zfleming/data/obstructed/target_obstructed_019.jpg,obstructed,target
/Users/zsfleming/Downloads/566-Project-zfleming/data/obstructed/target_obstructed_02.jpg,obstructed,target
/Users/zsfleming/Downloads/566-Project-zfleming/data/obstructed/target_obstructed_020.jpg,obstructed,target
/Users/zsfleming/Downloads/566-Project-zfleming/data/obstructed/target_obstructed_021.jpg,obstructed,target
/Users/zsfleming/Downloads/566-Project-zfleming/data/obstructed/target_obstructed_022.jpg,obstructed,target
/Users/zsfleming/Downloads/566-Project-zfleming/data/obstructed/target_obstructed_023.jpg,obstructed,target
/Users/zsfleming/Downloads/566-Project-zfleming/data/obstructed/target_obstructed_024.jpg,obstructed,target
/Users/zsfleming/Downloads/566-Project-zfleming/data/obstructed/target_obstructed_03.jpg,obstructed,target
/Users/zsfleming/Downloads/566-Project-zfleming/data/obstructed/target_obstructed_04.jpg,obstructed,target
/Users/zsfleming/Downloads/566-Project-zfleming/data/obstructed/target_obstructed_05.jpg,obstructed,target
/Users/zsfleming/Downloads/566-Project-zfleming/data/obstructed/target_obstructed_06.jpg,obstructed,target
/Users/zsfleming/Downloads/566-Project-zfleming/data/obstructed/target_obstructed_07.jpg,obstructed,target
/Users/zsfleming/Downloads/566-Project-zfleming/data/obstructed/target_obstructed_08.jpg,obstructed,target
/Users/zsfleming/Downloads/566-Project-zfleming/data/obstructed/target_obstructed_09.jpg,obstructed,target
/Users/zsfleming/Downloads/566-Project-zfleming/data/obstructed/tropicana_obstructed_01.jpg,obstructed,tropicana
/Users/zsfleming/Downloads/566-Project-zfleming/data/obstructed/tropicana_obstructed_010.jpg,obstructed,tropicana
/Users/zsfleming/Downloads/566-Project-zfleming/data/obstructed/tropicana_obstructed_011.jpg,obstructed,tropicana
/Users/zsfleming/Downloads/566-Project-zfleming/data/obstructed/tropicana_obstructed_012.jpg,obstructed,tropicana
/Users/zsfleming/Downloads/566-Project-zfleming/data/obstructed/tropicana_obstructed_013.jpg,obstructed,tropicana
/Users/zsfleming/Downloads/566-Project-zfleming/data/obstructed/tropicana_obstructed_014.jpg,obstructed,tropicana
/Users/zsfleming/Downloads/566-Project-zfleming/data/obstructed/tropicana_obstructed_015.jpg,obstructed,tropicana
/Users/zsfleming/Downloads/566-Project-zfleming/data/obstructed/tropicana_obstructed_016.jpg,obstructed,tropicana
/Users/zsfleming/Downloads/566-Project-zfleming/data/obstructed/tropicana_obstructed_017.jpg,obstructed,tropicana
/Users/zsfleming/Downloads/566-Project-zfleming/data/obstructed/tropicana_obstructed_018.jpg,obstructed,tropicana
/Users/zsfleming/Downloads/566-Project-zfleming/data/obstructed/tropicana_obstructed_019.jpg,obstructed,tropicana
/Users/zsfleming/Downloads/566-Project-zfleming/data/obstructed/tropicana_obstructed_02.jpg,obstructed,tropicana
/Users/zsfleming/Downloads/566-Project-zfleming/data/obstructed/tropicana_obstructed_020.jpg,obstructed,tropicana
/Users/zsfleming/Downloads/566-Project-zfleming/data/obstructed/tropicana_obstructed_021.jpg,obstructed,tropicana
/Users/zsfleming/Downloads/566-Project-zfleming/data/obstructed/tropicana_obstructed_022.jpg,obstructed,tropicana
/Users/zsfleming/Downloads/566-Project-zfleming/data/obstructed/tropicana_obstructed_023.jpg,obstructed,tropicana
/Users/zsfleming/Downloads/566-Project-zfleming/data/obstructed/tropicana_obstructed_024.jpg,obstructed,tropicana
/Users/zsfleming/Downloads/566-Project-zfleming/data/obstructed/tropicana_obstructed_025.jpg,obstructed,tropicana
/Users/zsfleming/Downloads/566-Project-zfleming/data/obstructed/tropicana_obstructed_026.jpg,obstructed,tropicana
/Users/zsfleming/Downloads/566-Project-zfleming/data/obstructed/tropicana_obstructed_027.jpg,obstructed,tropicana
/Users/zsfleming/Downloads/566-Project-zfleming/data/obstructed/tropicana_obstructed_028.jpg,obstructed,tropicana
/Users/zsfleming/Downloads/566-Project-zfleming/data/obstructed/tropicana_obstructed_029.jpg,obstructed,tropicana
/Users/zsfleming/Downloads/566-Project-zfleming/data/obstructed/tropicana_obstructed_03.jpg,obstructed,tropicana
/Users/zsfleming/Downloads/566-Project-zfleming/data/obstructed/tropicana_obstructed_030.jpg,obstructed,tropicana
/Users/zsfleming/Downloads/566-Project-zfleming/data/obstructed/tropicana_obstructed_031.jpg,obstructed,tropicana
/Users/zsfleming/Downloads/566-Project-zfleming/data/obstructed/tropicana_obstructed_032.jpg,obstructed,tropicana
/Users/zsfleming/Downloads/566-Project-zfleming/data/obstructed/tropicana_obstructed_04.jpg,obstructed,tropicana
/Users/zsfleming/Downloads/566-Project-zfleming/data/obstructed/tropicana_obstructed_05.jpg,obstructed,tropicana
/Users/zsfleming/Downloads/566-Project-zfleming/data/obstructed/tropicana_obstructed_06.jpg,obstructed,tropicana
/Users/zsfleming/Downloads/566-Project-zfleming/data/obstructed/tropicana_obstructed_07.jpg,obstructed,tropicana
/Users/zsfleming/Downloads/566-Project-zfleming/data/obstructed/tropicana_obstructed_08.jpg,obstructed,tropicana
/Users/zsfleming/Downloads/566-Project-zfleming/data/obstructed/tropicana_obstructed_09.jpg,obstructed,tropicana
/Users/zsfleming/Downloads/566-Project-zfleming/data/obstructed/wrigley_obstructed_001.jpg,obstructed,wrigley
/Users/zsfleming/Downloads/566-Project-zfleming/data/obstructed/wrigley_obstructed_002.jpg,obstructed,wrigley
/Users/zsfleming/Downloads/566-Project-zfleming/data/obstructed/wrigley_obstructed_003.jpg,obstructed,wrigley
/Users/zsfleming/Downloads/566-Project-zfleming/data/obstructed/wrigley_obstructed_004.jpg,obstructed,wrigley
/Users/zsfleming/Downloads/566-Project-zfleming/data/obstructed/wrigley_obstructed_005.jpg,obstructed,wrigley
/Users/zsfleming/Downloads/566-Project-zfleming/data/obstructed/wrigley_obstructed_006.jpg,obstructed,wrigley
/Users/zsfleming/Downloads/566-Project-zfleming/data/obstructed/wrigley_obstructed_007.jpg,obstructed,wrigley
/Users/zsfleming/Downloads/566-Project-zfleming/data/obstructed/wrigley_obstructed_008.jpg,obstructed,wrigley
/Users/zsfleming/Downloads/566-Project-zfleming/data/obstructed/wrigley_obstructed_009.jpg,obstructed,wrigley
/Users/zsfleming/Downloads/566-Project-zfleming/data/obstructed/wrigley_obstructed_010.jpg,obstructed,wrigley
/Users/zsfleming/Downloads/566-Project-zfleming/data/obstructed/wrigley_obstructed_011.jpg,obstructed,wrigley
/Users/zsfleming/Downloads/566-Project-zfleming/data/obstructed/wrigley_obstructed_012.jpg,obstructed,wrigley
/Users/zsfleming/Downloads/566-Project-zfleming/data/obstructed/wrigley_obstructed_013.jpg,obstructed,wrigley
/Users/zsfleming/Downloads/566-Project-zfleming/data/obstructed/wrigley_obstructed_014.jpg,obstructed,wrigley
/Users/zsfleming/Downloads/566-Project-zfleming/data/obstructed/wrigley_obstructed_015.jpg,obstructed,wrigley
/Users/zsfleming/Downloads/566-Project-zfleming/data/obstructed/wrigley_obstructed_016.jpg,obstructed,wrigley
/Users/zsfleming/Downloads/566-Project-zfleming/data/obstructed/wrigley_obstructed_017.jpg,obstructed,wrigley
/Users/zsfleming/Downloads/566-Project-zfleming/data/obstructed/wrigley_obstructed_018.jpg,obstructed,wrigley
/Users/zsfleming/Downloads/566-Project-zfleming/data/obstructed/wrigley_obstructed_019.jpg,obstructed,wrigley
/Users/zsfleming/Downloads/566-Project-zfleming/data/obstructed/wrigley_obstructed_020.jpg,obstructed,wrigley
/Users/zsfleming/Downloads/566-Project-zfleming/data/obstructed/wrigley_obstructed_021.jpg,obstructed,wrigley
/Users/zsfleming/Downloads/566-Project-zfleming/data/obstructed/wrigley_obstructed_022.jpg,obstructed,wrigley
/Users/zsfleming/Downloads/566-Project-zfleming/data/obstructed/wrigley_obstructed_023.jpg,obstructed,wrigley
/Users/zsfleming/Downloads/566-Project-zfleming/data/obstructed/wrigley_obstructed_024.jpg,obstructed,wrigley
/Users/zsfleming/Downloads/566-Project-zfleming/data/obstructed/wrigley_obstructed_025.jpg,obstructed,wrigley
/Users/zsfleming/Downloads/566-Project-zfleming/data/obstructed/wrigley_obstructed_026.jpg,obstructed,wrigley
/Users/zsfleming/Downloads/566-Project-zfleming/data/obstructed/yankee_obstructed_01.jpg,obstructed,yankee
/Users/zsfleming/Downloads/566-Project-zfleming/data/obstructed/yankee_obstructed_010.jpg,obstructed,yankee
/Users/zsfleming/Downloads/566-Project-zfleming/data/obstructed/yankee_obstructed_011.jpg,obstructed,yankee
/Users/zsfleming/Downloads/566-Project-zfleming/data/obstructed/yankee_obstructed_012.jpg,obstructed,yankee
/Users/zsfleming/Downloads/566-Project-zfleming/data/obstructed/yankee_obstructed_013.jpg,obstructed,yankee
/Users/zsfleming/Downloads/566-Project-zfleming/data/obstructed/yankee_obstructed_014.jpg,obstructed,yankee
/Users/zsfleming/Downloads/566-Project-zfleming/data/obstructed/yankee_obstructed_015.jpg,obstructed,yankee
/Users/zsfleming/Downloads/566-Project-zfleming/data/obstructed/yankee_obstructed_016.jpg,obstructed,yankee
/Users/zsfleming/Downloads/566-Project-zfleming/data/obstructed/yankee_obstructed_017.jpg,obstructed,yankee
/Users/zsfleming/Downloads/566-Project-zfleming/data/obstructed/yankee_obstructed_018.jpg,obstructed,yankee
/Users/zsfleming/Downloads/566-Project-zfleming/data/obstructed/yankee_obstructed_019.jpg,obstructed,yankee
/Users/zsfleming/Downloads/566-Project-zfleming/data/obstructed/yankee_obstructed_02.jpg,obstructed,yankee
/Users/zsfleming/Downloads/566-Project-zfleming/data/obstructed/yankee_obstructed_020.jpg,obstructed,yankee
/Users/zsfleming/Downloads/566-Project-zfleming/data/obstructed/yankee_obstructed_021.jpg,obstructed,yankee
/Users/zsfleming/Downloads/566-Project-zfleming/data/obstructed/yankee_obstructed_022.jpg,obstructed,yankee
/Users/zsfleming/Downloads/566-Project-zfleming/data/obstructed/yankee_obstructed_023.jpg,obstructed,yankee
/Users/zsfleming/Downloads/566-Project-zfleming/data/obstructed/yankee_obstructed_024.jpg,obstructed,yankee
/Users/zsfleming/Downloads/566-Project-zfleming/data/obstructed/yankee_obstructed_025.jpg,obstructed,yankee
/Users/zsfleming/Downloads/566-Project-zfleming/data/obstructed/yankee_obstructed_026.jpg,obstructed,yankee
/Users/zsfleming/Downloads/566-Project-zfleming/data/obstructed/yankee_obstructed_027.jpg,obstructed,yankee
/Users/zsfleming/Downloads/566-Project-zfleming/data/obstructed/yankee_obstructed_028.jpg,obstructed,yankee
/Users/zsfleming/Downloads/566-Project-zfleming/data/obstructed/yankee_obstructed_029.jpg,obstructed,yankee
/Users/zsfleming/Downloads/566-Project-zfleming/data/obstructed/yankee_obstructed_03.jpg,obstructed,yankee
/Users/zsfleming/Downloads/566-Project-zfleming/data/obstructed/yankee_obstructed_030.jpg,obstructed,yankee
/Users/zsfleming/Downloads/566-Project-zfleming/data/obstructed/yankee_obstructed_031.jpg,obstructed,yankee
/Users/zsfleming/Downloads/566-Project-zfleming/data/obstructed/yankee_obstructed_032.jpg,obstructed,yankee
/Users/zsfleming/Downloads/566-Project-zfleming/data/obstructed/yankee_obstructed_033.jpg,obstructed,yankee
/Users/zsfleming/Downloads/566-Project-zfleming/data/obstructed/yankee_obstructed_034.jpg,obstructed,yankee
/Users/zsfleming/Downloads/566-Project-zfleming/data/obstructed/yankee_obstructed_035.jpg,obstructed,yankee
/Users/zsfleming/Downloads/566-Project-zfleming/data/obstructed/yankee_obstructed_036.jpg,obstructed,yankee
/Users/zsfleming/Downloads/566-Project-zfleming/data/obstructed/yankee_obstructed_037.jpg,obstructed,yankee
/Users/zsfleming/Downloads/566-Project-zfleming/data/obstructed/yankee_obstructed_038.jpg,obstructed,yankee
/Users/zsfleming/Downloads/566-Project-zfleming/data/obstructed/yankee_obstructed_039.jpg,obstructed,yankee
/Users/zsfleming/Downloads/566-Project-zfleming/data/obstructed/yankee_obstructed_04.jpg,obstructed,yankee
/Users/zsfleming/Downloads/566-Project-zfleming/data/obstructed/yankee_obstructed_040.jpg,obstructed,yankee
/Users/zsfleming/Downloads/566-Project-zfleming/data/obstructed/yankee_obstructed_041.jpg,obstructed,yankee
/Users/zsfleming/Downloads/566-Project-zfleming/data/obstructed/yankee_obstructed_042.jpg,obstructed,yankee
/Users/zsfleming/Downloads/566-Project-zfleming/data/obstructed/yankee_obstructed_043.jpg,obstructed,yankee
/Users/zsfleming/Downloads/566-Project-zfleming/data/obstructed/yankee_obstructed_044.jpg,obstructed,yankee
/Users/zsfleming/Downloads/566-Project-zfleming/data/obstructed/yankee_obstructed_045.jpg,obstructed,yankee
/Users/zsfleming/Downloads/566-Project-zfleming/data/obstructed/yankee_obstructed_046.jpg,obstructed,yankee
/Users/zsfleming/Downloads/566-Project-zfleming/data/obstructed/yankee_obstructed_047.jpg,obstructed,yankee
/Users/zsfleming/Downloads/566-Project-zfleming/data/obstructed/yankee_obstructed_048.jpg,obstructed,yankee
/Users/zsfleming/Downloads/566-Project-zfleming/data/obstructed/yankee_obstructed_049.jpg,obstructed,yankee
/Users/zsfleming/Downloads/566-Project-zfleming/data/obstructed/yankee_obstructed_05.jpg,obstructed,yankee
/Users/zsfleming/Downloads/566-Project-zfleming/data/obstructed/yankee_obstructed_050.jpg,obstructed,yankee
/Users/zsfleming/Downloads/566-Project-zfleming/data/obstructed/yankee_obstructed_051.jpg,obstructed,yankee
/Users/zsfleming/Downloads/566-Project-zfleming/data/obstructed/yankee_obstructed_052.jpg,obstructed,yankee
/Users/zsfleming/Downloads/566-Project-zfleming/data/obstructed/yankee_obstructed_053.jpg,obstructed,yankee
/Users/zsfleming/Downloads/566-Project-zfleming/data/obstructed/yankee_obstructed_054.jpg,obstructed,yankee
/Users/zsfleming/Downloads/566-Project-zfleming/data/obstructed/yankee_obstructed_055.jpg,obstructed,yankee
/Users/zsfleming/Downloads/566-Project-zfleming/data/obstructed/yankee_obstructed_056.jpg,obstructed,yankee
/Users/zsfleming/Downloads/566-Project-zfleming/data/obstructed/yankee_obstructed_057.jpg,obstructed,yankee
/Users/zsfleming/Downloads/566-Project-zfleming/data/obstructed/yankee_obstructed_058.jpg,obstructed,yankee
/Users/zsfleming/Downloads/566-Project-zfleming/data/obstructed/yankee_obstructed_059.jpg,obstructed,yankee
/Users/zsfleming/Downloads/566-Project-zfleming/data/obstructed/yankee_obstructed_06.jpg,obstructed,yankee
/Users/zsfleming/Downloads/566-Project-zfleming/data/obstructed/yankee_obstructed_060.jpg,obstructed,yankee
/Users/zsfleming/Downloads/566-Project-zfleming/data/obstructed/yankee_obstructed_061.jpg,obstructed,yankee
/Users/zsfleming/Downloads/566-Project-zfleming/data/obstructed/yankee_obstructed_062.jpg,obstructed,yankee
/Users/zsfleming/Downloads/566-Project-zfleming/data/obstructed/yankee_obstructed_063.jpg,obstructed,yankee
/Users/zsfleming/Downloads/566-Project-zfleming/data/obstructed/yankee_obstructed_064.jpg,obstructed,yankee
/Users/zsfleming/Downloads/566-Project-zfleming/data/obstructed/yankee_obstructed_065.jpg,obstructed,yankee
/Users/zsfleming/Downloads/566-Project-zfleming/data/obstructed/yankee_obstructed_066.jpg,obstructed,yankee
/Users/zsfleming/Downloads/566-Project-zfleming/data/obstructed/yankee_obstructed_067.jpg,obstructed,yankee
/Users/zsfleming/Downloads/566-Project-zfleming/data/obstructed/yankee_obstructed_068.jpg,obstructed,yankee
/Users/zsfleming/Downloads/566-Project-zfleming/data/obstructed/yankee_obstructed_069.jpg,obstructed,yankee
/Users/zsfleming/Downloads/566-Project-zfleming/data/obstructed/yankee_obstructed_07.jpg,obstructed,yankee
/Users/zsfleming/Downloads/566-Project-zfleming/data/obstructed/yankee_obstructed_070.jpg,obstructed,yankee
/Users/zsfleming/Downloads/566-Project-zfleming/data/obstructed/yankee_obstructed_071.jpg,obstructed,yankee
/Users/zsfleming/Downloads/566-Project-zfleming/data/obstructed/yankee_obstructed_08.jpg,obstructed,yankee
/Users/zsfleming/Downloads/566-Project-zfleming/data/obstructed/yankee_obstructed_09.jpg,obstructed,yankee
